<?xml version="1.0" encoding="UTF-8" standalone="yes" ?><cp:coreProperties xmlns:cp="http://schemas.openxmlformats.org/package/2006/metadata/core-properties" xmlns:dc="http://purl.org/dc/elements/1.1/" xmlns:dcmitype="http://purl.org/dc/dcmitype/" xmlns:dcterms="http://purl.org/dc/terms/" xmlns:xsi="http://www.w3.org/2001/XMLSchema-instance"><cp:category>Model</cp:category><dcterms:created xsi:type="dcterms:W3CDTF">2017-06-26T16:19:57Z</dcterms:created><dc:creator>Arthur Coppieters</dc:creator><cp:lastModifiedBy>Jamie Gold</cp:lastModifiedBy><dcterms:modified xsi:type="dcterms:W3CDTF">2017-09-25T12:09:02Z</dcterms:modified><cp:revision>1.150</cp:revision><cp:version>R2016a</cp:version></cp:coreProperties>