<?xml version="1.0" encoding="UTF-8" standalone="yes" ?><cp:coreProperties xmlns:cp="http://schemas.openxmlformats.org/package/2006/metadata/core-properties" xmlns:dc="http://purl.org/dc/elements/1.1/" xmlns:dcmitype="http://purl.org/dc/dcmitype/" xmlns:dcterms="http://purl.org/dc/terms/" xmlns:xsi="http://www.w3.org/2001/XMLSchema-instance"><cp:category>Model</cp:category><dcterms:created xsi:type="dcterms:W3CDTF">2002-02-08T14:09:51Z</dcterms:created><dc:creator>fh</dc:creator><cp:lastModifiedBy>Pieter</cp:lastModifiedBy><dcterms:modified xsi:type="dcterms:W3CDTF">2016-12-07T10:13:50Z</dcterms:modified><cp:revision>1.423</cp:revision><cp:version>R2016a</cp:version></cp:coreProperties>